artists,track_name,id,uri,track_href,analysis_url,popularity,danceability,energy,key,loudness,mode,speechiness,acousticness,instrumentalness,liveness,valence,tempo,duration_ms,time_signature
Đen and Linh Cáo,Ta Cứ Đi Cùng Nhau - Live At Show Của Đen,2mqEoZUVNajcSnNJPEBBfu,spotify:track:2mqEoZUVNajcSnNJPEBBfu,https://api.spotify.com/v1/tracks/2mqEoZUVNajcSnNJPEBBfu,https://api.spotify.com/v1/audio-analysis/2mqEoZUVNajcSnNJPEBBfu,39,0.649,0.8959999999999999,7,-6.222,0,0.0668,0.26,1.34e-06,0.434,0.297,106.011,346627,4
Đen and Biên,Cảm ơn,2Emlw3C8Rqn9lAen25OItw,spotify:track:2Emlw3C8Rqn9lAen25OItw,https://api.spotify.com/v1/tracks/2Emlw3C8Rqn9lAen25OItw,https://api.spotify.com/v1/audio-analysis/2Emlw3C8Rqn9lAen25OItw,0,0.7609999999999999,0.8109999999999999,5,-4.305,0,0.182,0.7809999999999999,0.0,0.0986,0.435,86.993,215172,4
Đen and Ngọc Linh,Mười Năm - Live At Show Của Đen,2H5XRciniz2nQ0jhaZJcd9,spotify:track:2H5XRciniz2nQ0jhaZJcd9,https://api.spotify.com/v1/tracks/2H5XRciniz2nQ0jhaZJcd9,https://api.spotify.com/v1/audio-analysis/2H5XRciniz2nQ0jhaZJcd9,42,0.617,0.904,1,-6.2970000000000015,0,0.163,0.196,0.0,0.151,0.328,90.0,285060,4
Đen and JustaTee and Biên,Đố em biết anh đang nghĩ gì,7abJKdWP25uct1mcCrWNZw,spotify:track:7abJKdWP25uct1mcCrWNZw,https://api.spotify.com/v1/tracks/7abJKdWP25uct1mcCrWNZw,https://api.spotify.com/v1/audio-analysis/7abJKdWP25uct1mcCrWNZw,42,0.6,0.445,4,-12.119000000000002,0,0.472,0.7390000000000001,0.0,0.0829,0.564,180.044,246236,4
Đen and Emcee L (Da LAB) and JGKiD (Da LAB),Dưới Hiên Nhà,6683Q1DAKo7rxcULAVL0gJ,spotify:track:6683Q1DAKo7rxcULAVL0gJ,https://api.spotify.com/v1/tracks/6683Q1DAKo7rxcULAVL0gJ,https://api.spotify.com/v1/audio-analysis/6683Q1DAKo7rxcULAVL0gJ,40,0.338,0.542,3,-7.1960000000000015,1,0.0356,0.621,0.0,0.223,0.5760000000000001,98.963,277311,4
Đen,Nhiều Năm Nữa - Live At Show Của Đen,14Pfh8Z2JpjwjavMYGZw9M,spotify:track:14Pfh8Z2JpjwjavMYGZw9M,https://api.spotify.com/v1/tracks/14Pfh8Z2JpjwjavMYGZw9M,https://api.spotify.com/v1/audio-analysis/14Pfh8Z2JpjwjavMYGZw9M,40,0.718,0.917,8,-5.046,1,0.236,0.155,0.0,0.0733,0.779,90.025,199552,4
Đen and Ngọt,Một Thời Để Nhớ,1F5lop4Q9jWzHQuSF2caUL,spotify:track:1F5lop4Q9jWzHQuSF2caUL,https://api.spotify.com/v1/tracks/1F5lop4Q9jWzHQuSF2caUL,https://api.spotify.com/v1/audio-analysis/1F5lop4Q9jWzHQuSF2caUL,0,0.7659999999999999,0.458,7,-9.961,1,0.0965,0.453,1.09e-05,0.394,0.601,94.976,234032,4
Đen,Trời hôm nay nhiều mây cực!,703QXwWn5KdNaoviarYHAO,spotify:track:703QXwWn5KdNaoviarYHAO,https://api.spotify.com/v1/tracks/703QXwWn5KdNaoviarYHAO,https://api.spotify.com/v1/audio-analysis/703QXwWn5KdNaoviarYHAO,51,0.775,0.828,8,-5.351,0,0.17800000000000002,0.6829999999999999,0.000438,0.139,0.7390000000000001,74.976,252600,4
Đen and Phương Anh Đào,Lối Nhỏ,22F7P7QnaVspdf5rKveBaS,spotify:track:22F7P7QnaVspdf5rKveBaS,https://api.spotify.com/v1/tracks/22F7P7QnaVspdf5rKveBaS,https://api.spotify.com/v1/audio-analysis/22F7P7QnaVspdf5rKveBaS,1,0.634,0.476,4,-7.713999999999999,0,0.0393,0.84,0.00013700000000000002,0.079,0.425,184.061,252953,4
Đen and Giang Nguyễn,Đi Theo Bóng Mặt Trời,0g1lSO4QxUCoxpVp0xvDmD,spotify:track:0g1lSO4QxUCoxpVp0xvDmD,https://api.spotify.com/v1/tracks/0g1lSO4QxUCoxpVp0xvDmD,https://api.spotify.com/v1/audio-analysis/0g1lSO4QxUCoxpVp0xvDmD,46,0.687,0.495,9,-10.036,1,0.345,0.754,0.0,0.251,0.51,77.407,162102,4
Đen and Thành Đồng and Vũ.,Anh Đếch Cần Gì Nhiều Ngoài Em,7GxSshyjKx46dlIV2UoVrc,spotify:track:7GxSshyjKx46dlIV2UoVrc,https://api.spotify.com/v1/tracks/7GxSshyjKx46dlIV2UoVrc,https://api.spotify.com/v1/audio-analysis/7GxSshyjKx46dlIV2UoVrc,50,0.82,0.276,6,-9.715,0,0.0418,0.85,0.0,0.124,0.332,97.39,217134,3
Đen,Đố em biết anh đang nghĩ gì - Live At Show Của Đen,1oDaI6OOKaVqEn6H8bgaRo,spotify:track:1oDaI6OOKaVqEn6H8bgaRo,https://api.spotify.com/v1/tracks/1oDaI6OOKaVqEn6H8bgaRo,https://api.spotify.com/v1/audio-analysis/1oDaI6OOKaVqEn6H8bgaRo,40,0.503,0.895,11,-4.549,0,0.214,0.284,0.0,0.399,0.415,186.536,275499,4
Đen,Ngày Lang Thang - Solo Version,6uUWkFKG9Ypmk3rNtU6yqA,spotify:track:6uUWkFKG9Ypmk3rNtU6yqA,https://api.spotify.com/v1/tracks/6uUWkFKG9Ypmk3rNtU6yqA,https://api.spotify.com/v1/audio-analysis/6uUWkFKG9Ypmk3rNtU6yqA,41,0.674,0.753,0,-7.122999999999998,1,0.18,0.534,0.0,0.125,0.7020000000000001,89.895,240000,4
Đen,Đi Theo Bóng Mặt Trời - Live At Show Của Đen,3vrtrHN8QFUdGheMzPs8j3,spotify:track:3vrtrHN8QFUdGheMzPs8j3,https://api.spotify.com/v1/tracks/3vrtrHN8QFUdGheMzPs8j3,https://api.spotify.com/v1/audio-analysis/3vrtrHN8QFUdGheMzPs8j3,39,0.703,0.767,11,-4.126,0,0.257,0.024,0.0,0.13,0.44,156.07299999999995,236096,4
Đen and JustaTee,Đi Về Nhà,7LVrrX8pkzI9fMF88nGabt,spotify:track:7LVrrX8pkzI9fMF88nGabt,https://api.spotify.com/v1/tracks/7LVrrX8pkzI9fMF88nGabt,https://api.spotify.com/v1/audio-analysis/7LVrrX8pkzI9fMF88nGabt,58,0.742,0.662,5,-4.651,1,0.0647,0.578,0.0,0.126,0.486,84.006,200000,4
Đen and Kaang,Mưa Trên Những Mái Tôn,2amqqr1qK2pAX2dFslerrn,spotify:track:2amqqr1qK2pAX2dFslerrn,https://api.spotify.com/v1/tracks/2amqqr1qK2pAX2dFslerrn,https://api.spotify.com/v1/audio-analysis/2amqqr1qK2pAX2dFslerrn,40,0.726,0.8009999999999999,6,-4.644,1,0.13,0.338,0.0,0.092,0.358,123.97,186208,4
Đen and MIN,Bài Này Chill Phết,2AiZm17zqkV7llT3SHz4Nu,spotify:track:2AiZm17zqkV7llT3SHz4Nu,https://api.spotify.com/v1/tracks/2AiZm17zqkV7llT3SHz4Nu,https://api.spotify.com/v1/audio-analysis/2AiZm17zqkV7llT3SHz4Nu,55,0.789,0.488,9,-5.662000000000001,0,0.297,0.32,0.0,0.0847,0.29,159.986,276001,4
Đen and Lynk Lee,Đừng Gọi Anh Là Idol,1sn24gM7ifkeH0005USdLH,spotify:track:1sn24gM7ifkeH0005USdLH,https://api.spotify.com/v1/tracks/1sn24gM7ifkeH0005USdLH,https://api.spotify.com/v1/audio-analysis/1sn24gM7ifkeH0005USdLH,40,0.716,0.545,2,-10.319,0,0.275,0.732,0.0,0.0492,0.568,89.95299999999997,261347,4
Đen and Chi Pu and Lynk Lee,Nếu Mình Gần Nhau,0ipXEp5M0G5Tr7xx9u1hSY,spotify:track:0ipXEp5M0G5Tr7xx9u1hSY,https://api.spotify.com/v1/tracks/0ipXEp5M0G5Tr7xx9u1hSY,https://api.spotify.com/v1/audio-analysis/0ipXEp5M0G5Tr7xx9u1hSY,39,0.762,0.6890000000000001,6,-5.3279999999999985,0,0.0484,0.833,0.0,0.133,0.612,99.932,196062,4
Đen and MTV band,Trốn Tìm,34uOIsoy6ETS2sxOTWBRDF,spotify:track:34uOIsoy6ETS2sxOTWBRDF,https://api.spotify.com/v1/tracks/34uOIsoy6ETS2sxOTWBRDF,https://api.spotify.com/v1/audio-analysis/34uOIsoy6ETS2sxOTWBRDF,56,0.7709999999999999,0.287,9,-17.208,0,0.07200000000000001,0.669,0.0,0.104,0.402,93.041,248871,4
Đen and Thành Đồng,một triệu like,3ESeHjnPRxAg4mW3KsFyXi,spotify:track:3ESeHjnPRxAg4mW3KsFyXi,https://api.spotify.com/v1/tracks/3ESeHjnPRxAg4mW3KsFyXi,https://api.spotify.com/v1/audio-analysis/3ESeHjnPRxAg4mW3KsFyXi,50,0.861,0.591,7,-5.319,0,0.213,0.6,1.46e-05,0.062,0.52,78.977,264000,4
Đen and Linh Cáo,Ta Cứ Đi Cùng Nhau,0cuVWvlDAn6IErlvsZYKZf,spotify:track:0cuVWvlDAn6IErlvsZYKZf,https://api.spotify.com/v1/tracks/0cuVWvlDAn6IErlvsZYKZf,https://api.spotify.com/v1/audio-analysis/0cuVWvlDAn6IErlvsZYKZf,45,0.628,0.6709999999999999,7,-5.385,0,0.0309,0.722,1.1e-06,0.737,0.0989,105.967,345820,4
Đen,hai triệu năm - Live At Show Của Đen,0ROEej67C7sB3bk6SnBiEE,spotify:track:0ROEej67C7sB3bk6SnBiEE,https://api.spotify.com/v1/tracks/0ROEej67C7sB3bk6SnBiEE,https://api.spotify.com/v1/audio-analysis/0ROEej67C7sB3bk6SnBiEE,40,0.7040000000000001,0.68,9,-6.837999999999999,1,0.0531,0.531,0.0,0.32,0.336,101.971,298197,4
Đen and Giang Pham and Triple D,Ngày Khác Lạ,5HK1vERAqCVgCWyRQBClAv,spotify:track:5HK1vERAqCVgCWyRQBClAv,https://api.spotify.com/v1/tracks/5HK1vERAqCVgCWyRQBClAv,https://api.spotify.com/v1/audio-analysis/5HK1vERAqCVgCWyRQBClAv,43,0.653,0.782,1,-3.588,0,0.0427,0.0987,0.0,0.115,0.25,137.959,212174,4
Đen and Biên and Madihu,hai triệu năm - Madihu mix,5ecu1BvimgOepth3Scn0mK,spotify:track:5ecu1BvimgOepth3Scn0mK,https://api.spotify.com/v1/tracks/5ecu1BvimgOepth3Scn0mK,https://api.spotify.com/v1/audio-analysis/5ecu1BvimgOepth3Scn0mK,0,0.962,0.736,6,-5.32,0,0.14300000000000002,0.318,0.0125,0.122,0.6709999999999999,111.048,209735,4
Đen,Anh Đếch Cần Gì Nhiều Ngoài Em - Live At Show Của Đen,6S7unWwOypztbchdoKA5gP,spotify:track:6S7unWwOypztbchdoKA5gP,https://api.spotify.com/v1/tracks/6S7unWwOypztbchdoKA5gP,https://api.spotify.com/v1/audio-analysis/6S7unWwOypztbchdoKA5gP,39,0.374,0.753,7,-6.937,0,0.159,0.235,0.0,0.303,0.499,199.797,246251,3
Đen and Hậu Vi,Mơ,3mMAxli9HDnNdDjaTlDyJg,spotify:track:3mMAxli9HDnNdDjaTlDyJg,https://api.spotify.com/v1/tracks/3mMAxli9HDnNdDjaTlDyJg,https://api.spotify.com/v1/audio-analysis/3mMAxli9HDnNdDjaTlDyJg,43,0.4,0.624,9,-10.513,1,0.33,0.6809999999999999,0.00033,0.0517,0.487,84.41799999999998,225879,4
Đen and JGKiD (Da LAB) and Kimmese and Linh Cáo,Ghé Thăm,5fhPkYIb1am6DElI2BKG3S,spotify:track:5fhPkYIb1am6DElI2BKG3S,https://api.spotify.com/v1/tracks/5fhPkYIb1am6DElI2BKG3S,https://api.spotify.com/v1/audio-analysis/5fhPkYIb1am6DElI2BKG3S,42,0.8,0.409,8,-8.755,0,0.0606,0.5770000000000001,7.67e-06,0.107,0.129,97.976,330721,4
Đen and Linh Cáo,Đưa Nhau Đi Trốn - Live At Show Của Đen,6fH70e3UxJFNmLApdijeGa,spotify:track:6fH70e3UxJFNmLApdijeGa,https://api.spotify.com/v1/tracks/6fH70e3UxJFNmLApdijeGa,https://api.spotify.com/v1/audio-analysis/6fH70e3UxJFNmLApdijeGa,44,0.6629999999999999,0.9,0,-6.607,1,0.14,0.315,0.0,0.59,0.393,125.048,265822,4
Đen and Lynk Lee,Cô gái bàn bên,3pIlrW2AodAg75pnAoCNhl,spotify:track:3pIlrW2AodAg75pnAoCNhl,https://api.spotify.com/v1/tracks/3pIlrW2AodAg75pnAoCNhl,https://api.spotify.com/v1/audio-analysis/3pIlrW2AodAg75pnAoCNhl,44,0.6829999999999999,0.541,10,-7.987,1,0.29100000000000004,0.858,0.0,0.0888,0.423,120.135,198119,4
Đen,Mơ - Live At Show Của Đen,7HYT9fyOhJBpuev4OdicNK,spotify:track:7HYT9fyOhJBpuev4OdicNK,https://api.spotify.com/v1/tracks/7HYT9fyOhJBpuev4OdicNK,https://api.spotify.com/v1/audio-analysis/7HYT9fyOhJBpuev4OdicNK,40,0.421,0.835,9,-5.199,1,0.105,0.122,0.0,0.5870000000000001,0.236,172.088,233429,4
Đen,Trời Ơi Con Chưa Muốn Chết - Live At Show Của Đen,0ehr6CI3E8cCBdqbWCyWEV,spotify:track:0ehr6CI3E8cCBdqbWCyWEV,https://api.spotify.com/v1/tracks/0ehr6CI3E8cCBdqbWCyWEV,https://api.spotify.com/v1/audio-analysis/0ehr6CI3E8cCBdqbWCyWEV,38,0.696,0.893,6,-4.675,0,0.132,0.205,0.0,0.136,0.8240000000000001,85.965,198400,4
